Katy, Harris,
Katy, Fort Bend,
Corona, Queens,
El Paso, El Paso,
Los Angeles, Los Angeles,
Chicago, Cook,
Frisco, Collin,
Ridgewood, Queens,
Houston, Harris,
Pacoima, Los Angeles,
Norwalk, Los Angeles,
McKinney, Collin,
Brooklyn, Kings,
Lakewood, Ocean,
Bell, Los Angeles,
Brooklyn, Kings,
Bronx, Bronx,
Brooklyn, Kings,
Brooklyn, Kings,
Los Angeles, Los Angeles,
Fontana, San Bernardino,
Fontana, San Bernardino,
Antioch, Davidson,
Pittsburg, Contra Costa,
Hawthorne, Los Angeles,
Long Beach, Los Angeles,
Riverside, Riverside,
Grand Prairie, Dallas,
Chicago, Cook,
South Gate, Los Angeles,
Sylmar, Los Angeles,
Elmhurst, Queens,
Sugar Land, Fort Bend,
Brooklyn, Kings,
San Juan, San Juan,
Brooklyn, Kings,
Bronx, Bronx,
Brooklyn, Kings,
New York City, New York,
Chino, San Bernardino,
Lawrenceville, Gwinnett,
Pflugerville, Travis,
Westminster, Orange,
Brooklyn, Kings,
Brownsville, Cameron,
Cypress, Harris,
Pearland, Brazoria,
Anaheim, Orange,
Chicago, Cook,
Staten Island, Richmond,
Brooklyn, Kings,
Dallas, Dallas,
Lawrenceville, Gwinnett,
San Diego, San Diego,
Cypress, Harris,
Brooklyn, Kings,
Santa Ana, Orange,
Chicago, Cook,
League City, Galveston,
Chicago, Cook,
Summerville, Dorchester,
Watsonville, Santa Cruz,
Bakersfield, Kern,
Brooklyn, Kings,
Rialto, San Bernardino,
Bronx, Bronx,
La Puente, Los Angeles,
Temecula, Riverside,
San Francisco, San Francisco,
Oxnard, Ventura,
Fresno, Fresno,
Fresno, Fresno,
El Paso, El Paso,
Chula Vista, San Diego,
Woodside, Queens,
Chicago, Cook,
Brooklyn, Kings,
Brooklyn, Kings,
San Marcos, Hays,
San Diego, San Diego,
Cicero, Cook,
Woodbridge, Prince William,
Hesperia, San Bernardino,
Cedar Park, Williamson,
Reseda, Los Angeles,
Olathe, Johnson,
Bronx, Bronx,
Brooklyn, Kings,
Riverside, Riverside,
Spring, Harris,
Chicago, Cook,
Flushing, Queens,
Chino Hills, San Bernardino,
Mission, Hidalgo,
Caguas, Caguas,
Chicago, Cook,
Raleigh, Wake,
Pasco, Franklin,
Hayward, Alameda,
Milpitas, Santa Clara,
Chicago, Cook,
Sacramento, Sacramento,
Brooklyn, Kings,
Suwanee, Gwinnett,
Bronx, Bronx,
Brooklyn, Kings,
Houston, Harris,
Albuquerque, Bernalillo,
El Paso, El Paso,
Folsom, Sacramento,
Pharr, Hidalgo,
Clarksville, Montgomery,
West Lafayette, Tippecanoe,
Dallas, Dallas,
Palmdale, Los Angeles,
Keller, Tarrant,
New Braunfels, Comal,
Edinburg, Hidalgo,
Charlotte, Mecklenburg,
Bellflower, Los Angeles,
Baldwin Park, Los Angeles,
New York City, New York,
Porterville, Tulare,
San Antonio, Bexar,
Hollywood, Broward,
Virginia Beach, Virginia Beach City,
Brooklyn, Kings,
Moreno Valley, Riverside,
Brooklyn, Kings,
Fort Lauderdale, Broward,
Nashville, Davidson,
Fairfield, Solano,
Bronx, Bronx,
Brooklyn, Kings,
Frisco, Collin,
Bronx, Bronx,
St. Peters, St. Charles,
Chicago, Cook,
Bronx, Bronx,
Huntington Park, Los Angeles,
Chula Vista, San Diego,
Fremont, Alameda,
Bronx, Bronx,
Aurora, Kane,
Union City, Alameda,
Ewa Beach, Honolulu,
Atlanta, Fulton,
New York City, New York,
Anaheim, Orange,
Houston, Harris,
Yuma, Yuma,
Lancaster, Los Angeles,
Aurora, Arapahoe,
Beaverton, Washington,
Philadelphia, Philadelphia,
Tulare, Tulare,
Las Vegas, Clark,
Dallas, Dallas,
Hollywood, Broward,
Hialeah, Miami-Dade,
Los Angeles, Los Angeles,
Katy, Harris,
San Diego, San Diego,
Waipahu, Honolulu,
Hollywood, Broward,
Corona, Riverside,
Mansfield, Tarrant,
Phoenix, Maricopa,
Forest Hills, Queens,
Toa Baja, Toa Baja,
Cumming, Forsyth,
Missouri City, Fort Bend,
West Palm Beach, Palm Beach,
Brooklyn, Kings,
Rancho Cucamonga, San Bernardino,
Bronx, Bronx,
San Francisco, San Francisco,
Pomona, Los Angeles,
Beaverton, Washington,
Bakersfield, Kern,
Charlotte, Mecklenburg,
Leander, Williamson,
Panorama City, Los Angeles,
Chicago, Cook,
Simi Valley, Ventura,
Las Vegas, Clark,
South Jordan, Salt Lake,
Queen Creek, Maricopa,
Salt Lake City, Salt Lake,
Allen, Collin,
Hamilton, Butler,
Toa Alta, Toa Alta,
Bronx, Bronx,
Woodbridge, Prince William,
Tampa, Hillsborough,
Laredo, Webb,
Chicago, Cook,
Silver Spring, Montgomery,
Port St. Lucie, St. Lucie,
Waukegan, Lake,
Houston, Harris,
Denver, Denver,
Lynwood, Los Angeles,
Burleson, Johnson,
Yukon, Canadian,
Chandler, Maricopa,
Philadelphia, Philadelphia,
Powder Springs, Cobb,
Redmond, King,
Lancaster, Los Angeles,
El Cajon, San Diego,
Passaic, Passaic,
Winter Garden, Orange,
Stamford, Fairfield,
Chicago, Cook,
Brooklyn, Kings,
Washington, District Of Columbia,
Corona, Riverside,
Bend, Deschutes,
Orlando, Orange,
Aurora, Arapahoe,
Murrieta, Riverside,
Portland, Washington,
Chicago, Cook,
Parker, Douglas,
Cumming, Forsyth,
Santa Ana, Orange,
La Habra, Orange,
Vacaville, Solano,
Alpharetta, Fulton,
Los Angeles, Los Angeles,
San Diego, San Diego,
Albuquerque, Bernalillo,
San Jose, Santa Clara,
Concord, Cabarrus,
Duluth, Gwinnett,
Miami, Miami-Dade,
Glendale, Maricopa,
Loganville, Gwinnett,
San Bernardino, San Bernardino,
Far Rockaway, Queens,
Wake Forest, Wake,
Stockbridge, Henry,
Bay Shore, Suffolk,
Parkville, Baltimore,
Napa, Napa,
Dallas, Dallas,
Union City, Hudson,
Lewisville, Denton,
Antioch, Contra Costa,
Philadelphia, Philadelphia,
Ypsilanti, Washtenaw,
Bronx, Bronx,
Mesa, Maricopa,
Huntington Station, Suffolk,
Brooklyn, Kings,
Washington, District Of Columbia,
North Las Vegas, Clark,
Chicago, Cook,
Douglasville, Douglas,
Los Angeles, Los Angeles,
Hanford, Kings,
South San Francisco, San Mateo,
Fremont, Alameda,
Miami, Miami-Dade,
Bothell, Snohomish,
Weslaco, Hidalgo,
Hialeah, Miami-Dade,
Brooklyn, Kings,
Los Angeles, Los Angeles,
Roseville, Placer,
Tempe, Maricopa,
Humble, Harris,
North Hills, Los Angeles,
Glendale, Maricopa,
Laredo, Webb,
Atlanta, Fulton,
College Station, Brazos,
Anaheim, Orange,
Clearfield, Davis,
Laguna Niguel, Orange,
San Jose, Santa Clara,
Spring Valley, Rockland,
Little Elm, Denton,
Hendersonville, Sumner,
Elk Grove, Sacramento,
Lilburn, Gwinnett,
Hayward, Alameda,
Virginia Beach, Virginia Beach City,
Elk Grove, Sacramento,
Marietta, Cobb,
Indio, Riverside,
Grove City, Franklin,
Fort Worth, Tarrant,
Alpharetta, Fulton,
Bayonne, Hudson,
Daly City, San Mateo,
Jersey City, Hudson,
New York City, New York,
Chesapeake, Chesapeake City,
Woodstock, Cherokee,
Gilroy, Santa Clara,
Phoenix, Maricopa,
Olathe, Johnson,
Spring Valley, San Diego,
Round Rock, Williamson,
Brooklyn, Kings,
Philadelphia, Philadelphia,
Los Angeles, Los Angeles,
Lehi, Utah,
Salinas, Monterey,
San Diego, San Diego,
Brentwood, Contra Costa,
Jamaica, Queens,
Jamaica, Queens,
Murrieta, Riverside,
San Pablo, Contra Costa,
Oviedo, Seminole,
Chicago, Cook,
Stockton, San Joaquin,
Lancaster, Lancaster,
Ithaca, Tompkins,
Ogden, Weber,
Wasilla, Matanuska-Susitna,
Jacksonville, Duval,
West New York, Hudson,
Meridian, Ada,
Albuquerque, Bernalillo,
Ashburn, Loudoun,
Highland, San Bernardino,
Washington, District Of Columbia,
Alameda, Alameda,
Westerville, Franklin,
Lake Worth, Palm Beach,
Medina, Medina,
Brentwood, Suffolk,
Chicago, Cook,
Brockton, Plymouth,
Toms River, Ocean,
Brooklyn, Kings,
Elyria, Lorain,
Buckeye, Maricopa,
Bayamon, Bayamon,
New York City, New York,
Greensboro, Guilford,
Los Angeles, Los Angeles,
Las Vegas, Clark,
Costa Mesa, Orange,
Las Vegas, Clark,
Mcallen, Hidalgo,
Hilliard, Franklin,
Gaithersburg, Montgomery,
Pico Rivera, Los Angeles,
Berwyn, Cook,
San Bernardino, San Bernardino,
El Monte, Los Angeles,
National City, San Diego,
Jackson Heights, Queens,
Fort Lauderdale, Broward,
Crown Point, Lake,
Montebello, Los Angeles,
Rosemead, Los Angeles,
Newark, Licking,
Broken Arrow, Tulsa,
Mission, Hidalgo,
Garland, Dallas,
Charlotte, Mecklenburg,
New York City, New York,
Carmichael, Sacramento,
Brownsville, Cameron,
Garland, Dallas,
San Antonio, Bexar,
Phoenix, Maricopa,
Richmond, Madison,
San Jose, Santa Clara,
Huntington Beach, Orange,
San Antonio, Bexar,
Phoenix, Maricopa,
San Francisco, San Francisco,
Philadelphia, Philadelphia,
Azusa, Los Angeles,
Jacksonville, Duval,
Austin, Travis,
Cupertino, Santa Clara,
San Jose, Santa Clara,
Columbia, Maury,
Bowling Green, Warren,
Hagerstown, Washington,
Orlando, Orange,
Ontario, San Bernardino,
San Antonio, Bexar,
San Antonio, Bexar,
Bakersfield, Kern,
North Bergen, Hudson,
Yonkers, Westchester,
Clermont, Lake,
Round Lake, Lake,
Lancaster, Fairfield,
Spring, Harris,
Ontario, San Bernardino,
Staten Island, Richmond,
Taylor, Wayne,
West Palm Beach, Palm Beach,
Pompano Beach, Broward,
Orlando, Orange,
Chicago, Cook,
Miami, Miami-Dade,
Houston, Harris,
Germantown, Montgomery,
Pasadena, Anne Arundel,
Huntersville, Mecklenburg,
Malden, Middlesex,
Chicago, Cook,
San Antonio, Bexar,
Lexington, Lexington,
Vancouver, Clark,
Santa Ana, Orange,
Perris, Riverside,
Hollywood, Broward,
Las Vegas, Clark,
Mesquite, Dallas,
San Pedro, Los Angeles,
The Colony, Denton,
Los Angeles, Los Angeles,
Murfreesboro, Rutherford,
Salinas, Monterey,
Austin, Travis,
Oceanside, San Diego,
Fort Worth, Tarrant,
Simpsonville, Greenville,
Bristol, Hartford,
Baytown, Harris,
Mentor, Lake,
Arlington, Tarrant,
Summerville, Dorchester,
Milwaukee, Milwaukee,
Richmond, Fort Bend,
Colton, San Bernardino,
Dallas, Dallas,
Riverside, Riverside,
Santa Clara, Santa Clara,
Los Angeles, Los Angeles,
Plymouth, Plymouth,
Newnan, Coweta,
Lithonia, Dekalb,
El Cajon, San Diego,
Medford, Middlesex,
Greeley, Weld,
Honolulu, Honolulu,
New Castle, New Castle,
Phoenix, Maricopa,
El Paso, El Paso,
Modesto, Stanislaus,
Augusta, Richmond,
Jamaica, Queens,
Houston, Harris,
New York City, New York,
Bronx, Bronx,
Los Angeles, Los Angeles,
Waxhaw, Union,
Acworth, Cobb,
Smyrna, Rutherford,
Oklahoma City, Cleveland,
Tustin, Orange,
Bronx, Bronx,
Lake Forest, Orange,
Jacksonville, Duval,
Annandale, Fairfax,
College Station, Brazos,
Arecibo, Arecibo,
Goose Creek, Berkeley,
Fairfax, Fairfax City,
Owings Mills, Baltimore,
Orlando, Orange,
Des Plaines, Cook,
Visalia, Tulare,
Greenville, Pitt,
Los Angeles, Los Angeles,
Riverside, Riverside,
Columbus, Franklin,
San Antonio, Bexar,
Miami, Miami-Dade,
Rock Hill, York,
Virginia Beach, Virginia Beach City,
Franklin, Williamson,
Virginia Beach, Virginia Beach City,
Brandon, Hillsborough,
Fayetteville, Cumberland,
Fredericksburg, Spotsylvania,
Savannah, Chatham,
Kyle, Hays,
St. Paul, Ramsey,
Jonesboro, Craighead,
Casa Grande, Pinal,
Sacramento, Sacramento,
Jupiter, Palm Beach,
Woodbridge, Prince William,
Chicago, Cook,
Trujillo Alto, Trujillo Alto,
New York City, New York,